alpha,beta,SumErr
1.0,1.0,2.94130931525
1.0,10.5,94.3667299925
1.0,20.0,148.816918665
10.5,1.0,3.99972997287
10.5,10.5,1.33744710145
10.5,20.0,8.42549284115
20.0,1.0,3.99999979833
20.0,10.5,3.60333930561
20.0,20.0,1.5750766019
